{
  "b": [
    -0.12063541666666693,
    -0.21512369791666655,
    0.5843932291666669
  ],
  "S": [
    [
      0.9771402745922523,
      2.0307721712536068e-05,
      -0.037275420489296635
    ],
    [
      0.06426438264525991,
      0.9857033639143726,
      0.0068799375637105
    ],
    [
      0.08074867800713552,
      -0.15373542622324146,
      1.0060580721202856
    ]
  ],
  "R_accel": [
    [
      0.0004209222085014074,
      1.334950994730387e-05,
      9.310654393570547e-06
    ],
    [
      1.334950994730387e-05,
      0.0003301901154239879,
      9.501123794349367e-05
    ],
    [
      9.310654393570547e-06,
      9.501123794349367e-05,
      0.000611727952054214
    ]
  ]
}