{
  "b": [
    -0.12063541666666693,
    -0.21512369791666655,
    0.5843932291666669
  ],
  "S": [
    [
      0.9771402745922523,
      2.0307721712536068e-05,
      -0.037275420489296635
    ],
    [
      0.06426438264525991,
      0.9857033639143726,
      0.0068799375637105
    ],
    [
      0.08074867800713552,
      -0.15373542622324146,
      1.0060580721202856
    ]
  ],
  "R_accel": [
    [
      0.000577115628599551,
      -8.125286822802858e-05,
      2.4705886688297877e-05
    ],
    [
      -8.125286822802858e-05,
      0.00038119163895140526,
      5.716104123863443e-05
    ],
    [
      2.4705886688297877e-05,
      5.716104123863443e-05,
      0.0006017728236840314
    ]
  ],
  "R_gyro": [
    [
      1.5353157102995225e-05,
      -4.075346981801317e-06,
      -5.94531413304765e-08
    ],
    [
      -4.075346981801317e-06,
      1.1930561384628448e-05,
      9.007278493415559e-08
    ],
    [
      -5.94531413304765e-08,
      9.007278493415559e-08,
      1.0024360988451087e-05
    ]
  ]
}