{
  "b": [
    -0.001337,
    -0.00106,
    -0.02335
  ],
  "S": [
    [
      1.0,
      0.0,
      0.0
    ],
    [
      0.0,
      1.0,
      0.0
    ],
    [
      0.0,
      0.0,
      1.0
    ]
  ],
  "R_accel": [
    [
      0.000577115628599551,
      -8.125286822802858e-05,
      2.4705886688297877e-05
    ],
    [
      -8.125286822802858e-05,
      0.00038119163895140526,
      5.716104123863443e-05
    ],
    [
      2.4705886688297877e-05,
      5.716104123863443e-05,
      0.0006017728236840314
    ]
  ],
  "R_gyro": [
    [
      1.5353157102995225e-05,
      -4.075346981801317e-06,
      -5.94531413304765e-08
    ],
    [
      -4.075346981801317e-06,
      1.1930561384628448e-05,
      9.007278493415559e-08
    ],
    [
      -5.94531413304765e-08,
      9.007278493415559e-08,
      1.0024360988451087e-05
    ]
  ],
  "var_acc": 0.0005,
  "var_gyro": 1.2e-05,
  "var_acc_bias": 1e-07,
  "var_gyro_bias": 1e-10,
  "sigma_a": 0.035137345809986426,
  "sigma_omega": 0.00504634820657457,
  "zupt_gamma": 345.7092545507705,
  "zupt_var": 0.00037038992117117124,
  "T_bias": 300.0,
  "std_bias_rw": 0.0001,
  "b0": [
    0.008134765625,
    0.006779296875,
    -0.00094140625
  ],
  "std_acc": 0.018663558405991626
}
